Month,Petroleum Exports to Brazil,Petroleum Exports to Canada,Petroleum Exports to China,Petroleum Exports to India,Petroleum Exports to Japan,Petroleum Exports to Mexico,Petroleum Exports to Netherlands,Petroleum Exports to Singapore,Petroleum Exports to South Korea,Petroleum Exports to United Kingdom,Petroleum Exports to Other Countries,Total Petroleum Exports
1973-01-01,Not Available,Not Available,Not Available,Not Available,Not Available,Not Available,Not Available,Not Available,Not Available,Not Available,Not Available,210.613
1973-02-01,Not Available,Not Available,Not Available,Not Available,Not Available,Not Available,Not Available,Not Available,Not Available,Not Available,Not Available,260.964
1973-03-01,Not Available,Not Available,Not Available,Not Available,Not Available,Not Available,Not Available,Not Available,Not Available,Not Available,Not Available,224.194
1973-04-01,Not Available,Not Available,Not Available,Not Available,Not Available,Not Available,Not Available,Not Available,Not Available,Not Available,Not Available,275.567
1973-05-01,Not Available,Not Available,Not Available,Not Available,Not Available,Not Available,Not Available,Not Available,Not Available,Not Available,Not Available,237.387
1973-06-01,Not Available,Not Available,Not Available,Not Available,Not Available,Not Available,Not Available,Not Available,Not Available,Not Available,Not Available,215.433
1973-07-01,Not Available,Not Available,Not Available,Not Available,Not Available,Not Available,Not Available,Not Available,Not Available,Not Available,Not Available,240.742
1973-08-01,Not Available,Not Available,Not Available,Not Available,Not Available,Not Available,Not Available,Not Available,Not Available,Not Available,Not Available,218.161
1973-09-01,Not Available,Not Available,Not Available,Not Available,Not Available,Not Available,Not Available,Not Available,Not Available,Not Available,Not Available,243.0
1973-10-01,Not Available,Not Available,Not Available,Not Available,Not Available,Not Available,Not Available,Not Available,Not Available,Not Available,Not Available,222.032
1973-11-01,Not Available,Not Available,Not Available,Not Available,Not Available,Not Available,Not Available,Not Available,Not Available,Not Available,Not Available,202.567
1973-12-01,Not Available,Not Available,Not Available,Not Available,Not Available,Not Available,Not Available,Not Available,Not Available,Not Available,Not Available,227.806
1974-01-01,Not Available,Not Available,Not Available,Not Available,Not Available,Not Available,Not Available,Not Available,Not Available,Not Available,Not Available,206.71
1974-02-01,Not Available,Not Available,Not Available,Not Available,Not Available,Not Available,Not Available,Not Available,Not Available,Not Available,Not Available,202.857
1974-03-01,Not Available,Not Available,Not Available,Not Available,Not Available,Not Available,Not Available,Not Available,Not Available,Not Available,Not Available,195.613
1974-04-01,Not Available,Not Available,Not Available,Not Available,Not Available,Not Available,Not Available,Not Available,Not Available,Not Available,Not Available,243.333
1974-05-01,Not Available,Not Available,Not Available,Not Available,Not Available,Not Available,Not Available,Not Available,Not Available,Not Available,Not Available,246.548
1974-06-01,Not Available,Not Available,Not Available,Not Available,Not Available,Not Available,Not Available,Not Available,Not Available,Not Available,Not Available,238.4
1974-07-01,Not Available,Not Available,Not Available,Not Available,Not Available,Not Available,Not Available,Not Available,Not Available,Not Available,Not Available,253.194
1974-08-01,Not Available,Not Available,Not Available,Not Available,Not Available,Not Available,Not Available,Not Available,Not Available,Not Available,Not Available,247.226
1974-09-01,Not Available,Not Available,Not Available,Not Available,Not Available,Not Available,Not Available,Not Available,Not Available,Not Available,Not Available,170.867
1974-10-01,Not Available,Not Available,Not Available,Not Available,Not Available,Not Available,Not Available,Not Available,Not Available,Not Available,Not Available,220.871
1974-11-01,Not Available,Not Available,Not Available,Not Available,Not Available,Not Available,Not Available,Not Available,Not Available,Not Available,Not Available,186.467
1974-12-01,Not Available,Not Available,Not Available,Not Available,Not Available,Not Available,Not Available,Not Available,Not Available,Not Available,Not Available,231.097
1975-01-01,Not Available,Not Available,Not Available,Not Available,Not Available,Not Available,Not Available,Not Available,Not Available,Not Available,Not Available,228.065
1975-02-01,Not Available,Not Available,Not Available,Not Available,Not Available,Not Available,Not Available,Not Available,Not Available,Not Available,Not Available,248.0
1975-03-01,Not Available,Not Available,Not Available,Not Available,Not Available,Not Available,Not Available,Not Available,Not Available,Not Available,Not Available,213.097
1975-04-01,Not Available,Not Available,Not Available,Not Available,Not Available,Not Available,Not Available,Not Available,Not Available,Not Available,Not Available,190.433
1975-05-01,Not Available,Not Available,Not Available,Not Available,Not Available,Not Available,Not Available,Not Available,Not Available,Not Available,Not Available,202.419
1975-06-01,Not Available,Not Available,Not Available,Not Available,Not Available,Not Available,Not Available,Not Available,Not Available,Not Available,Not Available,224.433
1975-07-01,Not Available,Not Available,Not Available,Not Available,Not Available,Not Available,Not Available,Not Available,Not Available,Not Available,Not Available,185.677
1975-08-01,Not Available,Not Available,Not Available,Not Available,Not Available,Not Available,Not Available,Not Available,Not Available,Not Available,Not Available,202.871
1975-09-01,Not Available,Not Available,Not Available,Not Available,Not Available,Not Available,Not Available,Not Available,Not Available,Not Available,Not Available,205.3
1975-10-01,Not Available,Not Available,Not Available,Not Available,Not Available,Not Available,Not Available,Not Available,Not Available,Not Available,Not Available,186.968
1975-11-01,Not Available,Not Available,Not Available,Not Available,Not Available,Not Available,Not Available,Not Available,Not Available,Not Available,Not Available,165.9
1975-12-01,Not Available,Not Available,Not Available,Not Available,Not Available,Not Available,Not Available,Not Available,Not Available,Not Available,Not Available,261.613
1976-01-01,Not Available,Not Available,Not Available,Not Available,Not Available,Not Available,Not Available,Not Available,Not Available,Not Available,Not Available,155.774
1976-02-01,Not Available,Not Available,Not Available,Not Available,Not Available,Not Available,Not Available,Not Available,Not Available,Not Available,Not Available,241.276
1976-03-01,Not Available,Not Available,Not Available,Not Available,Not Available,Not Available,Not Available,Not Available,Not Available,Not Available,Not Available,184.677
1976-04-01,Not Available,Not Available,Not Available,Not Available,Not Available,Not Available,Not Available,Not Available,Not Available,Not Available,Not Available,222.0
1976-05-01,Not Available,Not Available,Not Available,Not Available,Not Available,Not Available,Not Available,Not Available,Not Available,Not Available,Not Available,179.419
1976-06-01,Not Available,Not Available,Not Available,Not Available,Not Available,Not Available,Not Available,Not Available,Not Available,Not Available,Not Available,212.767
1976-07-01,Not Available,Not Available,Not Available,Not Available,Not Available,Not Available,Not Available,Not Available,Not Available,Not Available,Not Available,242.484
1976-08-01,Not Available,Not Available,Not Available,Not Available,Not Available,Not Available,Not Available,Not Available,Not Available,Not Available,Not Available,220.0
1976-09-01,Not Available,Not Available,Not Available,Not Available,Not Available,Not Available,Not Available,Not Available,Not Available,Not Available,Not Available,195.9
1976-10-01,Not Available,Not Available,Not Available,Not Available,Not Available,Not Available,Not Available,Not Available,Not Available,Not Available,Not Available,197.774
1976-11-01,Not Available,Not Available,Not Available,Not Available,Not Available,Not Available,Not Available,Not Available,Not Available,Not Available,Not Available,347.8
1976-12-01,Not Available,Not Available,Not Available,Not Available,Not Available,Not Available,Not Available,Not Available,Not Available,Not Available,Not Available,279.484
1977-01-01,Not Available,Not Available,Not Available,Not Available,Not Available,Not Available,Not Available,Not Available,Not Available,Not Available,Not Available,192.032
1977-02-01,Not Available,Not Available,Not Available,Not Available,Not Available,Not Available,Not Available,Not Available,Not Available,Not Available,Not Available,234.393
1977-03-01,Not Available,Not Available,Not Available,Not Available,Not Available,Not Available,Not Available,Not Available,Not Available,Not Available,Not Available,206.806
1977-04-01,Not Available,Not Available,Not Available,Not Available,Not Available,Not Available,Not Available,Not Available,Not Available,Not Available,Not Available,223.367
1977-05-01,Not Available,Not Available,Not Available,Not Available,Not Available,Not Available,Not Available,Not Available,Not Available,Not Available,Not Available,288.258
1977-06-01,Not Available,Not Available,Not Available,Not Available,Not Available,Not Available,Not Available,Not Available,Not Available,Not Available,Not Available,224.967
1977-07-01,Not Available,Not Available,Not Available,Not Available,Not Available,Not Available,Not Available,Not Available,Not Available,Not Available,Not Available,253.645
1977-08-01,Not Available,Not Available,Not Available,Not Available,Not Available,Not Available,Not Available,Not Available,Not Available,Not Available,Not Available,229.742
1977-09-01,Not Available,Not Available,Not Available,Not Available,Not Available,Not Available,Not Available,Not Available,Not Available,Not Available,Not Available,294.033
1977-10-01,Not Available,Not Available,Not Available,Not Available,Not Available,Not Available,Not Available,Not Available,Not Available,Not Available,Not Available,255.129
1977-11-01,Not Available,Not Available,Not Available,Not Available,Not Available,Not Available,Not Available,Not Available,Not Available,Not Available,Not Available,235.167
1977-12-01,Not Available,Not Available,Not Available,Not Available,Not Available,Not Available,Not Available,Not Available,Not Available,Not Available,Not Available,274.355
1978-01-01,Not Available,Not Available,Not Available,Not Available,Not Available,Not Available,Not Available,Not Available,Not Available,Not Available,Not Available,256.548
1978-02-01,Not Available,Not Available,Not Available,Not Available,Not Available,Not Available,Not Available,Not Available,Not Available,Not Available,Not Available,208.25
1978-03-01,Not Available,Not Available,Not Available,Not Available,Not Available,Not Available,Not Available,Not Available,Not Available,Not Available,Not Available,268.645
1978-04-01,Not Available,Not Available,Not Available,Not Available,Not Available,Not Available,Not Available,Not Available,Not Available,Not Available,Not Available,337.0
1978-05-01,Not Available,Not Available,Not Available,Not Available,Not Available,Not Available,Not Available,Not Available,Not Available,Not Available,Not Available,312.935
1978-06-01,Not Available,Not Available,Not Available,Not Available,Not Available,Not Available,Not Available,Not Available,Not Available,Not Available,Not Available,398.6
1978-07-01,Not Available,Not Available,Not Available,Not Available,Not Available,Not Available,Not Available,Not Available,Not Available,Not Available,Not Available,329.839
1978-08-01,Not Available,Not Available,Not Available,Not Available,Not Available,Not Available,Not Available,Not Available,Not Available,Not Available,Not Available,410.806
1978-09-01,Not Available,Not Available,Not Available,Not Available,Not Available,Not Available,Not Available,Not Available,Not Available,Not Available,Not Available,476.9
1978-10-01,Not Available,Not Available,Not Available,Not Available,Not Available,Not Available,Not Available,Not Available,Not Available,Not Available,Not Available,468.839
1978-11-01,Not Available,Not Available,Not Available,Not Available,Not Available,Not Available,Not Available,Not Available,Not Available,Not Available,Not Available,408.667
1978-12-01,Not Available,Not Available,Not Available,Not Available,Not Available,Not Available,Not Available,Not Available,Not Available,Not Available,Not Available,455.323
1979-01-01,Not Available,Not Available,No Data Reported,Not Available,Not Available,Not Available,Not Available,Not Available,Not Available,Not Available,Not Available,392.387
1979-02-01,Not Available,Not Available,No Data Reported,Not Available,Not Available,Not Available,Not Available,Not Available,Not Available,Not Available,Not Available,485.929
1979-03-01,Not Available,Not Available,No Data Reported,Not Available,Not Available,Not Available,Not Available,Not Available,Not Available,Not Available,Not Available,610.839
1979-04-01,Not Available,Not Available,No Data Reported,Not Available,Not Available,Not Available,Not Available,Not Available,Not Available,Not Available,Not Available,493.467
1979-05-01,Not Available,Not Available,No Data Reported,Not Available,Not Available,Not Available,Not Available,Not Available,Not Available,Not Available,Not Available,428.903
1979-06-01,Not Available,Not Available,No Data Reported,Not Available,Not Available,Not Available,Not Available,Not Available,Not Available,Not Available,Not Available,467.767
1979-07-01,Not Available,Not Available,No Data Reported,Not Available,Not Available,Not Available,Not Available,Not Available,Not Available,Not Available,Not Available,486.032
1979-08-01,Not Available,Not Available,No Data Reported,Not Available,Not Available,Not Available,Not Available,Not Available,Not Available,Not Available,Not Available,466.258
1979-09-01,Not Available,Not Available,No Data Reported,Not Available,Not Available,Not Available,Not Available,Not Available,Not Available,Not Available,Not Available,413.733
1979-10-01,Not Available,Not Available,No Data Reported,Not Available,Not Available,Not Available,Not Available,Not Available,Not Available,Not Available,Not Available,425.097
1979-11-01,Not Available,Not Available,No Data Reported,Not Available,Not Available,Not Available,Not Available,Not Available,Not Available,Not Available,Not Available,509.7
1979-12-01,Not Available,Not Available,No Data Reported,Not Available,Not Available,Not Available,Not Available,Not Available,Not Available,Not Available,Not Available,471.452
1980-01-01,Not Available,Not Available,No Data Reported,Not Available,Not Available,Not Available,Not Available,Not Available,Not Available,Not Available,Not Available,549.71
1980-02-01,Not Available,Not Available,No Data Reported,Not Available,Not Available,Not Available,Not Available,Not Available,Not Available,Not Available,Not Available,558.276
1980-03-01,Not Available,Not Available,No Data Reported,Not Available,Not Available,Not Available,Not Available,Not Available,Not Available,Not Available,Not Available,572.903
1980-04-01,Not Available,Not Available,No Data Reported,Not Available,Not Available,Not Available,Not Available,Not Available,Not Available,Not Available,Not Available,433.733
1980-05-01,Not Available,Not Available,No Data Reported,Not Available,Not Available,Not Available,Not Available,Not Available,Not Available,Not Available,Not Available,591.258
1980-06-01,Not Available,Not Available,No Data Reported,Not Available,Not Available,Not Available,Not Available,Not Available,Not Available,Not Available,Not Available,654.167
1980-07-01,Not Available,Not Available,No Data Reported,Not Available,Not Available,Not Available,Not Available,Not Available,Not Available,Not Available,Not Available,530.645
1980-08-01,Not Available,Not Available,No Data Reported,Not Available,Not Available,Not Available,Not Available,Not Available,Not Available,Not Available,Not Available,318.516
1980-09-01,Not Available,Not Available,No Data Reported,Not Available,Not Available,Not Available,Not Available,Not Available,Not Available,Not Available,Not Available,556.833
1980-10-01,Not Available,Not Available,No Data Reported,Not Available,Not Available,Not Available,Not Available,Not Available,Not Available,Not Available,Not Available,597.516
1980-11-01,Not Available,Not Available,No Data Reported,Not Available,Not Available,Not Available,Not Available,Not Available,Not Available,Not Available,Not Available,548.8
1980-12-01,Not Available,Not Available,No Data Reported,Not Available,Not Available,Not Available,Not Available,Not Available,Not Available,Not Available,Not Available,622.032
1981-01-01,0.516,111.968,No Data Reported,4.677,41.71,22.71,11.194,18.548,0.355,6.194,340.004,557.875
1981-02-01,1.036,106.143,No Data Reported,0.429,28.607,24,45.25,58.214,4,4.536,296.921,569.135
1981-03-01,0.452,21.032,No Data Reported,2.548,45.839,23.839,3.29,0.097,1.968,4.065,482.98,586.109
1981-04-01,1.333,49.8,No Data Reported,0.1,16.5,30,15.867,37.467,14.633,0.533,403.534,569.767
1981-05-01,0.645,101.355,No Data Reported,0.097,38.71,25.194,31.419,4.742,0.29,3.968,388.672,595.091
1981-06-01,0.733,48.167,No Data Reported,0.4,29.2,25.267,22.867,0.633,17.567,9.3,266.238,420.371
1981-07-01,0.452,96.613,No Data Reported,1,39.645,19.71,8.097,24.968,0.387,4.581,375.923,571.375
1981-08-01,0.323,185.774,No Data Reported,0.161,33.774,19.194,6.677,15.548,15.032,2.097,365.32,643.9
1981-09-01,0.5,21.867,No Data Reported,1.7,45.233,23.333,92.467,0.167,8.467,1.933,323.591,519.258
1981-10-01,0.968,144.613,No Data Reported,0.097,47.097,23.29,130.581,0.258,33.161,6.194,351.662,737.921
1981-11-01,0.433,100.8,No Data Reported,1.267,58.367,30.167,87.467,0.2,15.7,0.333,406.035,700.769
1981-12-01,0.097,79,No Data Reported,0.032,34.968,42.871,49.839,0.194,28.161,20.645,399.734,655.541
1982-01-01,1.258,94.871,No Data Reported,1.065,62.742,47.968,129.903,7.968,28.161,32.226,422.644,828.805
1982-02-01,1.357,82.571,No Data Reported,1.393,88.714,41.143,94.893,34.286,15.857,11.321,432.271,803.806
1982-03-01,15.645,102.903,No Data Reported,0.226,40.71,100.871,98.742,0.194,39,20.645,463.1,882.036
1982-04-01,1.067,86.767,No Data Reported,0,57.467,63.8,81.767,8.533,14.6,27.533,443.967,785.501
1982-05-01,10.516,43.484,No Data Reported,0.161,57.226,94.258,96.452,18.097,42.097,6.484,434.712,803.486
1982-06-01,34.6,81.833,No Data Reported,6.5,40.433,46.333,40.133,6.8,19.7,1.467,425.309,703.109
1982-07-01,3.645,48.548,No Data Reported,0.839,45.581,62.613,85.323,43.968,0.194,3.581,446.726,741.017
1982-08-01,2.774,82.355,No Data Reported,0.065,113.548,36.29,49.742,40.71,43.935,15.161,473.042,857.623
1982-09-01,14.367,119.633,No Data Reported,1.133,79.767,48.1,94.867,18.467,24.9,8.733,380.616,790.583
1982-10-01,4.645,150.806,No Data Reported,0.161,69.548,32.097,76.645,20.548,13.097,14.839,549.553,931.94
1982-11-01,3.333,78.833,No Data Reported,0.3,108.467,28.8,49.633,28.533,47.1,1.5,439.562,786.062
1982-12-01,4.548,50.484,No Data Reported,0.903,54.806,35.581,122.677,15.419,44.258,25.548,505.684,859.91
1983-01-01,7,127.613,No Data Reported,0.065,104.677,33.742,149.323,71.484,40.323,25.419,413.7,973.345
1983-02-01,0,39.857,No Data Reported,0.036,109.786,26.821,54.786,93.786,6.464,1.821,532.007,865.365
1983-03-01,0.29,105.613,No Data Reported,2.548,106.323,25.71,65.258,82.968,5.065,1.71,405.288,800.772
1983-04-01,0.333,61.367,No Data Reported,0.167,221.4,16.533,29.467,112.7,17.133,11.933,338.047,809.08
1983-05-01,0.032,67.032,No Data Reported,0.968,111.871,22.452,47.839,57.548,20,10.613,509.932,848.286
1983-06-01,9.167,65,No Data Reported,0.233,88.667,36.2,36.233,50.833,23.733,6.467,457.493,774.027
1983-07-01,2.935,58.645,No Data Reported,0.032,83.484,26.452,54.774,0.194,5.806,0.871,338.131,571.325
1983-08-01,0.935,43.774,No Data Reported,2.032,100,22.419,45.355,16.903,22.581,14.323,394.849,663.172
1983-09-01,0.367,115.733,No Data Reported,1.367,66.867,20.767,27.667,4.5,17.4,4.8,424.905,684.372
1983-10-01,0,51.742,No Data Reported,0.71,93.806,17.613,6.323,18.484,0.452,2.194,384.59,575.912
1983-11-01,0,46.8,No Data Reported,0,99.033,22.7,38.933,0.167,21.433,1.3,448.94,679.307
1983-12-01,2.677,134.194,No Data Reported,0.29,70.065,18.581,29.935,16.323,0.516,17.871,348.355,638.807
1984-01-01,0.097,69.226,No Data Reported,0.323,75.774,20.226,23.226,0.194,11.194,0.226,374.73,575.214
1984-02-01,0.034,61.138,No Data Reported,1.31,51.069,17.793,26.207,0.103,0.207,2.655,421.33,581.847
1984-03-01,0.839,100.613,No Data Reported,0.71,54.645,29.581,26.871,10.806,22.161,1.29,592.618,840.134
1984-04-01,1.5,62.1,No Data Reported,0.033,92.667,28.433,45.467,6.567,25.6,0.167,392.486,655.02
1984-05-01,0.452,58.387,No Data Reported,0.065,71.742,14.806,36.903,22.968,6.903,36.032,518.052,766.31
1984-06-01,0.1,60.9,No Data Reported,0.267,147.7,32.667,24,16.9,10.333,0.233,571.043,864.143
1984-07-01,6.226,76.581,No Data Reported,0,85.355,23.129,15.29,0.774,22.742,10.097,296.118,536.312
1984-08-01,0.097,98.839,No Data Reported,0.419,138.742,40.226,26.29,37.065,8.258,1.355,380.682,731.972
1984-09-01,2.667,35.9,No Data Reported,0.767,96.3,31.133,68.3,0.3,36.433,3.4,388.631,663.831
1984-10-01,2.968,115.742,No Data Reported,1,64.032,47.935,43.516,0.097,20.516,16.387,287.232,599.426
1984-11-01,1.467,79.6,No Data Reported,2.333,121.1,56.5,60.267,0.233,23.9,44.3,464.492,854.192
1984-12-01,0.387,174.452,No Data Reported,0.129,104.645,72.548,53.452,14.258,15.839,56.226,493.779,985.714
1985-01-01,8.129,83.387,No Data Reported,8.258,85.516,75.452,52.355,15.581,7.645,41.613,413.805,791.74
1985-02-01,2.75,87.5,No Data Reported,0.964,109.429,78.893,28.607,20.143,49.464,47.857,431.293,856.9
1985-03-01,2.258,61.032,No Data Reported,0.903,142.226,47.613,15.323,9.742,50.161,6.097,358.152,693.507
1985-04-01,0.967,68.2,No Data Reported,0.9,136.067,72.067,22.3,32.1,4.167,9.567,417.177,763.511
1985-05-01,1.194,40.323,No Data Reported,0.806,79.387,41.129,36.903,40.097,33.742,1,430.815,705.395
1985-06-01,4.733,55.167,No Data Reported,0.167,93.3,68.167,41.233,2.533,42.733,3.267,380.781,692.081
1985-07-01,2.323,66.065,No Data Reported,0.935,78.419,39.419,48.677,16,13.548,8.645,401.182,675.215
1985-08-01,3.484,69.419,No Data Reported,0.097,62.419,54.516,83.806,32.258,10.484,4.29,427.994,748.769
1985-09-01,0.9,43.067,No Data Reported,0.967,117.9,36.167,40.7,88.433,31.6,17.9,428.35,805.984
1985-10-01,2.419,82.452,No Data Reported,0.065,98.194,43.387,35.742,14.806,2.452,2.839,407.882,690.237
1985-11-01,3.4,116.633,No Data Reported,0.067,132.167,83.6,64.733,16.933,29.333,26.4,563.171,1036.438
1985-12-01,0.935,114.839,No Data Reported,8.323,164.226,91.323,57.258,4.452,52.065,5.097,426.79,925.306
1986-01-01,2.226,100.548,No Data Reported,0.032,134.323,63.097,47.194,25.161,7.581,7.742,470.801,858.704
1986-02-01,3.357,105.25,No Data Reported,0.393,100.357,81.464,92.393,16.25,19.536,3.357,453.694,876.052
1986-03-01,3.194,84.645,No Data Reported,0.484,68.871,57.452,73.613,15.29,15.645,18.774,393.787,731.754
1986-04-01,1.567,97.667,No Data Reported,0.233,107.767,63.933,107.567,66.767,16.3,6,382.195,849.995
1986-05-01,8.258,70.774,No Data Reported,0.71,93.129,59.226,84.516,5.742,3.677,5.613,391.979,723.624
1986-06-01,3.8,62.367,No Data Reported,0.7,51.333,28.7,53.467,0.3,0.333,6.8,433.738,641.538
1986-07-01,0.806,75.581,No Data Reported,0.742,130.839,87.839,38.806,0.065,7.129,5.677,337.849,685.333
1986-08-01,1.871,87.806,No Data Reported,0.065,114.516,54.548,23.129,0.29,1.29,10.516,573.797,867.83
1986-09-01,2.6,72.433,No Data Reported,0.833,81.9,23.667,39.467,1.033,1.7,14.033,476.611,714.278
1986-10-01,0.355,87.645,No Data Reported,0.71,147.129,69.484,23.355,7.032,25.29,12,457.559,830.559
1986-11-01,3.8,105.1,No Data Reported,0.033,158.5,37.933,41.533,25.933,31.367,6.9,409.638,820.738
1986-12-01,0.032,73.387,No Data Reported,0.258,123.516,47.613,71.161,34.613,16.065,3.806,449.402,819.854
1987-01-01,0.387,69.387,No Data Reported,0.258,106.581,66.065,64.355,32.839,27.871,10.452,324.754,702.948
1987-02-01,0.679,93.321,No Data Reported,1.464,143.536,42.786,35.75,34.143,46.036,0.5,578.87,977.084
1987-03-01,0.032,66.161,No Data Reported,0.323,121.419,79.581,45.065,0.258,30.581,3.839,372.61,719.868
1987-04-01,2.667,90.067,No Data Reported,0.067,100.567,63.4,28.5,23.067,40.567,0.733,520.864,870.498
1987-05-01,4.548,54.452,No Data Reported,0.226,151.548,63.323,19,26.194,16.29,13.226,316.991,665.798
1987-06-01,1.433,48.767,No Data Reported,0.9,127.533,56.267,41.967,2,26.067,0.533,363.801,669.268
1987-07-01,3.29,69.387,No Data Reported,0.065,138.677,54.032,44.194,1.742,2.419,0.968,365.389,680.163
1987-08-01,0.032,73.097,No Data Reported,0.484,74.806,45,46.29,19.548,15.548,0.323,388.948,664.077
1987-09-01,0.567,90.367,No Data Reported,0.133,146,104.333,54.3,0.033,8.833,19.967,370.954,795.487
1987-10-01,2.742,97.129,No Data Reported,0.355,93.516,55.548,8.645,0.323,30.774,3.645,352.993,645.67
1987-11-01,1.033,123.6,No Data Reported,0.1,78.133,86.667,46.833,0.1,22.467,2.833,375.052,736.819
1987-12-01,1.194,119.968,No Data Reported,0.419,159.032,121.129,35.774,12.226,34.677,20.097,552.795,1057.311
1988-01-01,0.29,55.387,No Data Reported,0.161,173.71,59.548,57.71,0.194,31.484,6.903,499.638,885.025
1988-02-01,6.621,95.448,No Data Reported,0.069,170.724,60.724,25.862,29.276,26.931,18.138,430.118,863.911
1988-03-01,0.323,131.161,No Data Reported,0.581,123.161,57.581,27,3.903,4.613,0.935,485.091,834.349
1988-04-01,0.2,77.667,No Data Reported,0.167,94.967,59.933,4.667,14.3,38.2,0.9,384.972,675.972
1988-05-01,0.581,72.194,No Data Reported,1.097,121.323,66.129,33.258,51.935,13.71,18.871,434.739,813.836
1988-06-01,3.933,94.3,No Data Reported,0.3,160.267,57,41.8,38.1,15.2,3.833,523.084,937.818
1988-07-01,1.387,70.419,No Data Reported,0.032,109.516,69.419,52.194,19.161,27.419,3.935,472.452,825.936
1988-08-01,11.387,86.484,No Data Reported,0.323,104.613,73.29,6.032,10.645,13.613,4.935,502.204,813.527
1988-09-01,2.867,79.733,No Data Reported,1.8,83.967,45.833,37.9,0.167,9.267,11.8,399.28,672.613
1988-10-01,2.097,58.194,No Data Reported,0.226,94.903,88,13.903,1.548,11.032,6.774,455.683,732.36
1988-11-01,3.333,92.667,No Data Reported,0.733,87.833,80.533,30.633,0.5,25.7,25.2,369.814,716.948
1988-12-01,2.581,91.839,No Data Reported,0.774,165.516,124.903,19.226,1.419,65.065,9.065,527.874,1008.261
1989-01-01,0.032,74.419,No Data Reported,0.065,182.452,78.935,31.677,10.419,15,5.677,361.937,760.614
1989-02-01,2,95.929,No Data Reported,1.536,88.286,101.786,67.5,5.393,15.179,0.321,496.875,874.803
1989-03-01,5.129,57.871,No Data Reported,1.161,158.419,119.806,18.29,16.548,5.355,10.548,466.978,860.107
1989-04-01,0.167,86.8,No Data Reported,0.2,88.633,63.8,23.2,22.433,14.833,14.2,495.59,809.856
1989-05-01,0.968,63.258,No Data Reported,2.387,87.935,109.871,18.613,60,23.258,3.097,422.092,791.479
1989-06-01,5.4,73.467,No Data Reported,0.267,90.133,117.967,49.233,0.3,8.667,8.267,621.166,974.866
1989-07-01,3.032,73.484,No Data Reported,1.71,109.355,113.903,22.968,0.097,4.161,13.194,438.189,780.092
1989-08-01,10.419,101.065,No Data Reported,4.032,149.097,89.161,36.839,13.71,3.258,0.194,558.741,966.515
1989-09-01,10.467,73.8,No Data Reported,1.7,81.133,65.9,37.467,23.633,13.133,30.433,317.798,655.464
1989-10-01,2.29,147.903,No Data Reported,0.419,98.194,68.613,28.258,21.29,19.677,5.516,398.625,790.787
1989-11-01,11.967,118.033,No Data Reported,0.533,172.1,72.567,58.2,18.167,38.8,16,468.258,974.624
1989-12-01,3,140.871,No Data Reported,1.226,153.129,68.065,46.774,14.032,41.194,5.903,593.009,1067.203
1990-01-01,1.065,28.968,No Data Reported,0.032,90.677,110.129,32.774,15.677,13.194,0.29,416.481,709.288
1990-02-01,2.214,98.25,No Data Reported,0.893,79.393,102.536,30.214,8,31.893,5.75,462.868,822.011
1990-03-01,0.032,87.194,No Data Reported,0.032,123.258,99,41.774,0.194,65.968,5.742,456.938,880.131
1990-04-01,4.467,86.4,No Data Reported,0.1,79.133,70.933,34.533,6.367,75.067,4.2,399.509,760.709
1990-05-01,1.323,82.161,No Data Reported,0.29,71,57.484,13.871,11.065,14.581,1.032,436.945,689.751
1990-06-01,2.9,65.733,No Data Reported,0.033,86.3,90.767,33.033,11.3,74.767,13.233,425.173,803.24
1990-07-01,0.29,75.226,No Data Reported,0.613,50.548,76.71,34.161,0.097,48.387,26.29,383.244,695.566
1990-08-01,0.161,110.032,No Data Reported,0.194,124.032,98.548,41.774,12.258,73.355,2.194,387.115,849.663
1990-09-01,3.8,86.467,No Data Reported,30.733,91.033,82,57.3,30.533,61.067,18.933,384.981,846.847
1990-10-01,1.645,109.548,No Data Reported,20,91.032,66.452,69.806,30.903,76.484,23.516,459.257,948.644
1990-11-01,0.367,133.5,No Data Reported,17.4,140.9,104.367,131.6,22.067,100.5,10.2,424.332,1085.232
1990-12-01,0.355,133.387,No Data Reported,0.29,81.581,114.581,120.645,25.839,81.258,15.29,614.191,1187.417
1991-01-01,0.677,67.903,0.032,39.129,90.129,86.29,85.419,18.903,114.129,30.903,665.499,1199.015
1991-02-01,3.929,90.179,0.107,124.107,168.071,98.643,80.429,40.929,121.536,8.643,704.326,1440.897
1991-03-01,40.161,46.097,0,27.355,87.516,113.871,12.71,21.161,69.516,10.581,514.722,943.69
1991-04-01,0.267,51.633,0,0,73.933,70.1,75.9,16.533,37.367,8.933,402.717,737.384
1991-05-01,8.935,70.968,0,9,139.065,123.194,130.065,63.613,85.065,10.484,509.051,1149.438
1991-06-01,16.433,53.167,11.567,16.2,101.733,98.733,64.433,24.1,65.667,10.7,458.745,921.478
1991-07-01,7.161,87.032,26.968,0.032,106.194,107.613,43.484,27.323,75.516,8.065,473.213,962.6
1991-08-01,22.548,80.774,0.032,0.065,95.194,104.903,42.387,23.355,53.161,2.871,412.071,837.361
1991-09-01,50.633,52.133,0.067,0.1,74.067,82.767,12.933,12.8,30.567,12.1,456.494,784.66
1991-10-01,7.71,93.548,17.677,0,72.871,104,105.677,32.419,34.71,7.613,441.546,917.771
1991-11-01,2.267,65,0.1,30.167,38.3,99.667,94.967,64.3,16.5,5.533,508.82,925.62
1991-12-01,0.29,80.226,18.258,28.226,95.581,100.774,113.452,67.355,88.645,35.935,584.671,1213.413
1992-01-01,1.613,37.774,59.839,23,82.194,127.677,137.548,26.355,52.419,43.355,552.046,1143.82
1992-02-01,10.448,28.862,32.207,5.759,64.069,92.345,124.862,16.69,113.793,11.448,351.095,851.578
1992-03-01,0.129,49.387,18.065,3.323,124.258,104.935,60.903,50.097,69.839,13.839,417.284,912.058
1992-04-01,17.433,64.167,38.367,0.433,134.3,122.267,20.133,91.867,70.1,10.2,367.943,937.21
1992-05-01,31.71,69.774,7.839,2.226,63.323,98.935,22.935,49.935,79.226,3.452,455.523,884.878
1992-06-01,38.9,58.067,7.267,2.267,62.9,103.267,35.967,58.2,100.6,9.667,479.972,957.072
1992-07-01,29.097,98.065,21.419,3,149.194,130.742,25.065,23.935,57.677,5.452,385.699,929.344
1992-08-01,14.871,86.484,7.871,0.194,60.419,134.871,17.065,21.581,52.484,6.516,386.889,789.244
1992-09-01,22.1,53.367,12.8,0.167,96.9,127.2,20.067,12.333,41.933,5.033,455.716,847.616
1992-10-01,14.452,57.742,7.387,15.774,96.387,134.194,29.097,38.258,48.839,20.161,440.117,902.407
1992-11-01,30.267,114.3,38.133,0.5,101.567,119.667,28.5,43.9,110.767,3.067,404.799,995.466
1992-12-01,26.806,50.355,22.613,23.032,166.452,189.581,102.548,21.161,159.742,6.387,468.517,1237.194
1993-01-01,12.516,76.419,14.71,27.419,131.258,115.645,50.71,56.29,98.71,11.387,539.672,1134.736
1993-02-01,16.214,52.036,29.786,0.393,71.643,106.536,39.429,32.25,89.714,14.571,580.435,1033.007
1993-03-01,21.258,70.032,31.645,8.71,154.452,117.742,14.226,20.71,51.323,0.935,478.716,969.748
1993-04-01,22.733,79.833,17.967,10.367,118.1,117.1,26.6,61.033,88.4,0.367,524.691,1067.191
1993-05-01,38.419,59.194,42.581,18.806,102.226,111,35.677,65.613,57.516,5.677,545.214,1081.924
1993-06-01,11.967,87.233,10.067,0.567,96.967,119.567,30.367,38.7,32,11.733,460.358,899.525
1993-07-01,19.839,98.871,26.516,0.839,114.548,108.903,57.387,14.871,93.355,8.71,456.922,1000.761
1993-08-01,11.419,64.613,29.581,0.032,80.613,91.839,51,28.806,37.806,5.484,428.122,829.316
1993-09-01,8.833,55.667,47.767,8.367,84.667,106.467,25.367,40.367,51.067,5.533,467.814,901.914
1993-10-01,16.097,81.387,20.419,0.871,67.226,78.032,31.71,69.548,61.839,24.323,429.833,881.285
1993-11-01,9.4,81.2,49.467,0.3,86.567,98.433,24.067,45.933,141.867,6.333,436.522,980.088
1993-12-01,2.387,54.645,32.581,8,152.323,143.419,150.774,83.968,86.71,22.677,512.772,1250.256
1994-01-01,2.194,62.194,18.258,3.742,73.323,89.194,45.419,93.516,86.032,5.29,447.791,926.953
1994-02-01,3.571,50.679,0.571,0.857,49.321,119.357,15.179,69.321,83.964,7.429,481.522,881.772
1994-03-01,8.581,56.903,9.065,1.097,95.129,112.774,46.839,36.129,70.29,19.194,480.144,936.144
1994-04-01,24.633,53.733,14.767,1.267,34.5,99.5,32.533,45.8,145.533,0.633,415.228,868.128
1994-05-01,10.806,81.387,0.516,0.677,60.806,122.484,34.258,136,67.194,0.387,414.869,929.385
1994-06-01,4.933,99.6,21.433,0.8,108.7,123,19.967,60.6,23.2,17.1,388.147,867.48
1994-07-01,2.839,80.613,1.387,0.097,51.29,117.032,34.935,39.129,43.774,4.548,501.66,877.305
1994-08-01,23.677,85.161,0.839,1.29,71.387,146.548,34.161,42.677,48.968,17.129,440.966,912.804
1994-09-01,11.733,87,0.1,1.2,87.133,118.167,23.9,42.333,31.3,13.8,474.638,891.305
1994-10-01,22.323,124.484,8.871,1.065,80.645,119.935,12.097,66.806,57.161,17.71,485.694,996.791
1994-11-01,27.467,73.433,8.633,1.033,76.9,130.667,37.633,96.967,40.467,6.867,499.747,999.814
1994-12-01,33.161,82.839,0.194,0.484,91.226,189.742,24.742,90.613,92.258,7.355,595.235,1207.848
1995-01-01,0.161,55.065,0.065,0.097,55.065,163.484,29.645,15.839,93.839,6.839,557.581,977.677
1995-02-01,3.357,58.786,0.107,1.643,88.643,150.607,28.179,65.286,80.571,25.393,559.071,1061.643
1995-03-01,11.129,57.742,5.226,1.548,58.452,129.484,35.194,68.903,59.742,2.065,518.323,947.806
1995-04-01,19.3,56.9,9.867,0.167,54.7,135.9,5.033,41.233,28.9,10.9,634.967,997.867
1995-05-01,60.677,63.742,1.129,1.323,69.258,101.677,22.161,48.032,47.419,13.774,447,876.194
1995-06-01,24.233,75.967,0.167,16.633,73.5,78.667,23.333,29.067,42.667,13.733,541.2,919.167
1995-07-01,3.613,66.71,0.097,0.548,79.806,117.419,36.226,64.548,28.129,6.419,491,894.516
1995-08-01,19.194,80.097,0.613,1,113.194,118.968,15.097,39.903,22.968,1.29,408.516,820.839
1995-09-01,15.033,59.5,0.167,0.8,42.433,121.9,68.467,39.667,24.967,3.067,429.133,805.133
1995-10-01,5.581,111.935,0.129,1.581,61.258,114.226,34.387,53.452,108.742,40.129,430.484,961.903
1995-11-01,5.633,85.733,0.1,2.9,76.2,125.733,31.6,33.267,69.967,29.967,540.967,1002.067
1995-12-01,19.774,97.484,3.097,9.774,139,138.645,66.516,49.516,81.323,18.032,511.581,1134.742
1996-01-01,26.323,95.774,6.226,7.452,81.097,137.548,15.774,55.839,92.097,6.935,544.968,1070.032
1996-02-01,11.517,81.69,1.31,0.931,137.793,125.034,18.241,37.724,98.586,7.034,527.966,1047.828
1996-03-01,87.097,66.742,13.484,0.806,50.29,127.71,15.839,30.452,42.677,5.097,426.581,866.774
1996-04-01,43.567,79.433,12.267,0.633,126.067,115.867,22.233,38.467,37.133,17.767,482.567,976.0
1996-05-01,12.774,53.032,11.419,0.548,108.387,136.323,28.161,24.806,42.613,6.129,466.677,890.871
1996-06-01,14.633,99.633,1.333,1.4,94.333,151.8,22.733,11.9,9.833,15.967,471.867,895.433
1996-07-01,15.71,94.097,18.935,0.323,113.71,155.935,9.484,28.839,22.71,5.935,479.065,944.742
1996-08-01,21.161,101.452,0.065,1.516,148.871,140.484,24.677,29.194,35.161,16.452,377.419,896.452
1996-09-01,54.3,132.767,0.233,0.133,103.1,142.667,85.767,23.567,50,6.7,504.6,1103.833
1996-10-01,20.516,108.935,1.419,0.839,69.871,150.839,169.774,17.452,120.645,0.935,383.806,1045.032
1996-11-01,26.267,99.4,26.9,10.7,95.667,159.667,67.1,39.833,83.733,6,408.833,1024.1
1996-12-01,17.032,111.548,3.161,10.645,102.161,176.419,39,67.516,82.161,8.065,395.161,1012.871
1997-01-01,14.742,106.968,147.871,9.581,114.194,119.677,65.194,38.387,51.419,5.419,364.484,1037.935
1997-02-01,12.5,107.464,0.143,0.393,42.393,180.321,9.143,36.286,88.786,14.036,525.036,1016.5
1997-03-01,15.903,118.29,9.71,0.548,73.968,181.387,14.968,28.161,77.871,7.129,404.806,932.742
1997-04-01,5.567,84.833,7.333,15.267,110.867,155.567,12.467,21.367,81,12.533,430.233,937.033
1997-05-01,14.935,70.645,32.839,0.903,70.581,133.645,34.419,37.258,42.516,12.032,426.71,876.484
1997-06-01,0.767,134.567,12.567,1.167,108.467,180.8,41.6,29.6,42.967,16.4,385.967,954.867
1997-07-01,23.29,122,17.032,1.032,126.935,204.806,47.29,42.548,53.871,12.839,360.484,1012.129
1997-08-01,22.774,166.839,4.484,0.516,146,216.548,37.355,6.903,15.548,6.355,450.968,1074.29
1997-09-01,23.6,178,0.3,1.267,105.1,221.333,38.2,19.267,40.2,14.267,355.233,996.767
1997-10-01,24.548,121.71,41.903,0.839,85.516,239.355,37.968,21.226,70.645,23.581,399.129,1066.419
1997-11-01,8.433,86.967,26.867,0.667,45.033,298,47.633,11.4,2.567,15.933,390.467,933.967
1997-12-01,16.742,132.613,7,52.355,110.355,353.774,104.935,27.774,35.258,9.387,347.129,1197.323
1998-01-01,10.065,151.677,54.419,0.677,122.677,231.097,25.839,12.581,91.29,7.71,424.903,1132.935
1998-02-01,3.393,194.536,46.393,0.929,45.893,228.214,28.464,2.25,3.464,16.536,432.857,1002.929
1998-03-01,15.645,136.484,38.323,1.613,58.355,188.419,37.935,1.032,29.613,20.548,419.581,947.548
1998-04-01,20.2,166.1,5.233,2.733,61.933,207.933,22.433,18,94.967,16.5,431.733,1047.767
1998-05-01,19.677,157.452,52.516,0.903,62.258,230.677,52.806,22.613,34.968,17.387,401.323,1052.581
1998-06-01,9.833,182.9,43.167,0.9,57.533,291.733,33.7,12.567,14.733,6.8,333.133,987.0
1998-07-01,21,189.452,38.968,8.065,44.581,259.258,32.645,8.258,8.452,6.484,381.032,998.194
1998-08-01,17.548,92,0.161,0.968,48.065,274.29,29.161,3.516,33.516,6.677,274.323,780.226
1998-09-01,13.5,124.333,6.867,0.5,73.4,250.533,46.533,21.5,8.767,5.2,311.367,862.5
1998-10-01,21.29,131.355,0.194,7.29,58.839,195.516,40.581,46.903,33.032,7.548,308,850.548
1998-11-01,20.133,144.867,0.367,0.167,65.967,207.767,2.933,24.767,3.667,16.733,294.533,781.9
1998-12-01,36.806,106.29,26.258,1.903,68.677,256.581,41.774,53,30.645,2.71,268.161,892.806
1999-01-01,17.581,102.097,41.774,0.645,44.226,199.387,35.29,60.516,26.903,1.581,365.613,895.613
1999-02-01,25.714,109.821,17.214,6.071,70.857,208.964,20.75,19.857,67.464,2.821,206.286,755.821
1999-03-01,38.839,105.935,0.194,0.452,56.581,159.29,11.839,39.355,36.548,1.323,313.968,764.323
1999-04-01,64.367,264.2,16.467,0.767,84.733,284.133,45.567,64.233,74.333,17.6,279.367,1195.767
1999-05-01,22.613,91.161,23.226,9.258,64.871,313.032,31.452,34.161,59.645,13.839,251.516,914.774
1999-06-01,17.867,114.933,7.133,1.567,83.967,288.167,20.2,28.4,56.733,2.767,285.367,907.1
1999-07-01,5.581,83.581,52.161,3.387,112.71,273.71,32.097,49.129,26.774,0.516,278.323,917.968
1999-08-01,3.645,102.677,10,0.323,166.097,211.871,64.677,41.032,32.903,4.065,264.355,901.645
1999-09-01,30,129.567,17.8,1.5,77.9,325.133,27.6,25.9,29.733,1.8,222,888.933
1999-10-01,55.065,74.452,15.645,0.968,67.032,294.484,54.29,36.129,63.065,13.903,268.935,943.968
1999-11-01,20.033,136.433,30.3,1.067,92.2,245.2,45.433,22.767,11.267,13.4,331.667,949.767
1999-12-01,18.968,115.226,0.29,13.452,90.516,330.226,63.548,111.613,98.806,33.258,353.806,1229.71
2000-01-01,17,128.774,0.323,2.516,119.452,314.387,36.935,23.548,61.581,17.097,284.355,1005.968
2000-02-01,17.034,71.931,0.31,5.172,84.655,315.517,20.345,22.069,44.172,10.172,278.207,869.586
2000-03-01,55.742,146.677,0.29,2.903,146.258,294.613,19.871,104.161,1.516,15.484,371.097,1158.613
2000-04-01,4.567,83.233,8.467,1.1,147.833,368.433,35.667,6.4,68.1,1.333,405.833,1130.967
2000-05-01,24.645,117.774,0.29,5.613,65.097,288.355,30.452,34.097,1.387,7.097,281.548,856.355
2000-06-01,33.633,84.8,0.233,0.233,108.1,308.5,45.733,12.967,9.6,1.367,319.7,924.867
2000-07-01,27.581,93.903,11.194,0.419,79.516,232.129,42.419,53,11.71,5.452,342.742,900.065
2000-08-01,20.935,95.806,0.71,0.065,63.935,430,59.387,31.581,9.355,15.516,345.968,1073.258
2000-09-01,31.467,113.5,0.7,13.633,71.633,391.533,45.9,21.2,1,1.233,367,1058.8
2000-10-01,51.516,139.452,13.097,0.387,68.774,528.484,61.613,51,18.29,25.839,333.613,1292.065
2000-11-01,25.033,145.3,0.2,0.933,75.933,394.7,48.667,16.6,2.033,11.867,386.667,1107.933
2000-12-01,23.903,98.903,0.194,1.71,46.581,423.677,51.806,48.032,10.387,1.935,387.71,1094.839
2001-01-01,31.258,103.71,0.194,0.226,74.387,315.161,20.903,25.839,15.226,15.452,351.484,953.839
2001-02-01,22.25,106.214,1.464,1,68.25,390.821,28.25,15.214,22.036,9.571,339.393,1004.464
2001-03-01,28.806,117.806,13.548,0.548,51.645,307.903,35.839,20.323,13.097,1.806,346.581,937.903
2001-04-01,16.733,99.4,18.8,6.933,78.733,250.1,22.6,98.633,4.733,1.2,344.067,941.933
2001-05-01,6.129,172.742,6.355,0.935,73.419,216.258,46.613,110.258,14.032,9.226,412.677,1068.645
2001-06-01,38.1,146,0.967,0.467,46.033,261.833,53.1,67.967,10.2,20.1,330.767,975.533
2001-07-01,49.032,106.484,0.839,5,55.548,259.806,38.387,45.677,7.452,12.935,297.806,878.968
2001-08-01,29.065,125.516,1.097,5.323,69.806,246.645,27.129,79.065,21.355,23.097,420.065,1048.161
2001-09-01,17.433,102.933,0.9,2.267,34.467,228.533,36.733,116.833,0.867,6.933,277.167,825.067
2001-10-01,7.581,107.258,7.387,7.742,75.839,271,36.871,27.29,15.516,9.806,380.097,946.387
2001-11-01,12.633,94.433,4.3,0.267,93.667,237.3,82.333,63.4,24.6,27.333,319.333,959.6
2001-12-01,18.839,57.935,11.032,5.581,21.452,308.355,112.323,131.839,15.806,22.903,402.968,1109.032
2002-01-01,31.065,102.323,20.258,4.839,52.161,191.645,59.871,27.613,0.935,15.548,354.419,860.677
2002-02-01,31.25,70.821,11.393,0.821,104.893,249.571,80.357,129.214,10.893,27.964,457.393,1174.571
2002-03-01,41.903,78.935,0.613,0.613,60.29,227.129,24.806,95,6.387,10.677,306.548,852.903
2002-04-01,22.4,87.467,14.867,2.2,77.433,231.467,3.467,54.433,6.2,0.533,389.1,889.567
2002-05-01,17.677,103.742,28.161,1.129,63.419,216.871,37.613,27.742,18.968,18.258,376.677,910.258
2002-06-01,34.2,105.067,22.833,5.2,71.7,217.867,14.033,81.1,9.433,0.133,318.1,879.667
2002-07-01,4.613,149.935,0.516,1.032,44.484,213.581,16.387,37.935,10.968,11.903,347.581,838.935
2002-08-01,29.419,146.258,0.516,14.387,104.065,257.677,3.323,179.065,7.29,2.548,393.355,1137.903
2002-09-01,16.567,94.833,44.033,0.233,69.233,297.067,3.4,129.7,11.033,20.5,328.833,1015.433
2002-10-01,23.645,133.774,8.161,0.452,80.355,273.548,16.258,56.774,9.677,15.548,343.645,961.839
2002-11-01,14.267,115.967,0.9,0.9,83.467,307.667,15.133,127.133,0.4,3.767,356.433,1026.033
2002-12-01,45.29,82.839,21.839,0.581,74.29,366.387,7.419,38.71,35.968,13,585.613,1271.935
2003-01-01,35.806,158.516,0.806,2.194,71,320.871,10.935,27.452,13.065,0.71,570.613,1211.968
2003-02-01,33.786,132.821,7.464,7.357,63.786,243.25,26.321,17.429,8.929,9.321,516.429,1066.893
2003-03-01,38.161,128.645,13.935,5.258,45.742,224.032,2.71,6.774,15.742,7.226,563.065,1051.29
2003-04-01,33.867,149.367,26.633,0.933,84.167,207.667,13.967,105.2,14.167,0.633,416.067,1052.667
2003-05-01,26.161,134.387,64.452,12.323,68.806,281,5.742,50.355,0.387,0.452,452.871,1096.935
2003-06-01,8.133,179.8,4.2,0.8,69.6,213.2,3.467,121.033,10.7,0.433,453.733,1065.1
2003-07-01,8.161,154.419,45,4.452,40.903,186.613,22.29,95.516,14.548,5.935,397.935,975.774
2003-08-01,29.419,146.032,41.387,3.065,86.032,180.129,4.871,47.677,11.226,16,381.161,947.0
2003-09-01,20.3,108.767,24.933,3.167,98.7,230.733,24,27.6,7.467,11.433,402.533,959.633
2003-10-01,31.613,162.484,13.387,12.387,61.839,217.581,5.806,41.419,2.645,5.806,415.29,970.258
2003-11-01,17.433,135.1,38.067,17.3,57,188.6,37.4,41.367,17.033,5.8,377.4,932.5
2003-12-01,42.452,96.871,11.065,17.032,84.323,246.742,24.161,31.355,4.258,8.032,423.645,989.935
2004-01-01,11.032,124.968,10.387,3.677,62.097,173.387,16.097,7.742,6.935,25.032,307.097,748.452
2004-02-01,37.793,130.897,1.103,3.621,61.276,234.103,18.655,25.793,7.931,3.345,521,1045.517
2004-03-01,23.871,166.032,1.484,8.677,66.387,237.806,29.806,2.194,11.032,11.097,465.774,1024.161
2004-04-01,31.6,170.033,50.733,27.767,70.633,207.267,6.033,92.333,12.567,3.7,480.733,1153.4
2004-05-01,19.968,159.161,5.129,14.806,38.935,203.903,31.871,134.871,4.613,23.355,415.258,1051.871
2004-06-01,24.7,177.8,21.2,24.267,66.333,130.533,47.9,17.967,3.033,28,527.833,1069.567
2004-07-01,27.323,158.387,24.419,14.419,58.516,150.581,30.419,42.355,5.774,17.452,549.968,1079.613
2004-08-01,29.742,147.097,7.968,19.548,77.161,203.323,51.968,39.258,19.839,18.032,476.903,1090.839
2004-09-01,30.6,153.367,21.1,4.633,62.367,202.1,27.133,33.667,1.5,0.733,423.933,961.133
2004-10-01,41.258,139.581,13.677,2.161,61.516,254.613,38.645,31.484,25.484,1.161,468.129,1077.71
2004-11-01,34.3,175.467,3.033,1.533,71.1,233,43.433,16.433,25.867,7.367,380.1,991.633
2004-12-01,14.806,191,1.516,7.419,54.452,274.355,92.516,49.29,18.194,31.871,548.129,1283.548
2005-01-01,32.544,172.706,0.68,15.376,46.884,254.525,13.594,25.937,9.947,13.235,331.248,916.676
2005-02-01,40.509,159.225,3,0.12,81.962,286.225,48.083,131.257,12.559,19.224,474.027,1256.19
2005-03-01,41.349,191.751,1.376,2.342,78.443,285.517,28.039,36.087,10.526,9.015,623.728,1308.173
2005-04-01,34.364,213.868,9.758,0.129,30.552,242.353,42.164,49.527,19.812,53.194,633.797,1329.517
2005-05-01,46.507,269.934,1.126,7.097,21.73,277.595,10.086,52.57,21.649,47.421,623.923,1379.636
2005-06-01,55.222,204.079,24.119,8.863,48.725,319.139,25.96,89.934,10.522,35.777,654.728,1477.069
2005-07-01,58.39,175.01,16.283,23.7,41.573,314.611,41.711,54.96,18.962,12.481,501.531,1259.214
2005-08-01,43.219,217.485,34.966,19.287,62.165,300.688,25.155,18.35,22.768,24.135,527.273,1295.491
2005-09-01,36.053,140.97,17.87,14.282,53.227,207.451,13.516,16.19,2.485,8.11,333.361,843.515
2005-10-01,34.9,122.361,5.32,10.034,71.099,195.456,9.606,4.504,33.431,0.285,367.134,854.129
2005-11-01,22.747,184.464,18.659,15.33,50.866,223.57,29.333,6.844,14.789,18.535,375.468,960.605
2005-12-01,23.56,115.628,11.554,12.063,89.283,309.623,15.778,40.18,19.015,15.998,453.201,1105.882
2006-01-01,41.366,151.452,7.071,11.355,73.184,214.488,12.848,5.934,25.959,8.581,507.014,1059.251
2006-02-01,39.681,117.846,16.044,13.051,83.991,266.975,32.994,38.937,19.067,53.165,593.999,1275.751
2006-03-01,43.584,169.534,14.847,9.134,30.697,293.176,51.57,46.276,21.889,15.84,472.988,1169.535
2006-04-01,41.331,125.902,38.385,10.76,37.986,307.285,67.645,79.826,15.497,22.055,651.806,1398.478
2006-05-01,40.243,156.238,7.358,17.776,56.989,292.63,94.67,66.167,23.744,18.042,575.993,1349.848
2006-06-01,40.682,182.755,14.48,13.352,72.064,199.84,93.906,36.393,35.582,16.422,628.686,1334.162
2006-07-01,47.686,213.331,2.469,1.342,57.05,233.976,85.712,35.982,23.751,33.823,651.991,1387.112
2006-08-01,40.792,133.558,12.696,3.409,52.541,198.019,62.37,74.626,32.633,34.568,609.69,1254.902
2006-09-01,52.446,168.63,0.889,0.94,64.552,229.807,234.942,13.784,16.873,42.478,728.855,1554.194
2006-10-01,35.475,167.463,0.88,0.508,63.814,296.587,70.376,69.293,12.027,63.151,726.916,1506.489
2006-11-01,52.918,159.606,15.549,3.406,64.442,288.254,99.617,57.416,13.048,17.057,581.834,1353.147
2006-12-01,26.052,156.783,1.693,16.428,37.556,237.732,92.21,10.39,15.384,8.807,561.456,1164.492
2007-01-01,77.38,143.579,1.202,14.696,74.017,233.012,142.202,91.371,12.409,11.763,643.907,1445.536
2007-02-01,66.572,140.196,9.998,12.494,53.485,242.117,91.405,67.174,12.586,2.81,650.844,1349.68
2007-03-01,20.977,206.203,2.148,26.321,31.06,321.44,134.09,21.155,17.938,3.559,489.603,1274.493
2007-04-01,46.108,140.273,32.644,11.672,72.234,259.802,41.447,116.783,24.569,1.401,612.914,1359.847
2007-05-01,40.632,199.467,14.909,9.078,75.003,300.017,75.628,47.301,6.598,7.951,664.208,1440.792
2007-06-01,30.754,197.157,11.954,22.599,40.55,280.486,5.787,35.73,26.23,0.756,679.376,1331.378
2007-07-01,68.655,202.745,20.418,11.525,66.018,247.448,71.676,68.963,25.012,2.149,721.113,1505.722
2007-08-01,35.666,199.824,31.795,16.36,47.372,270.007,52.306,123.406,0.823,0.766,704.528,1482.853
2007-09-01,38.126,219.157,3.38,18.438,30.748,253.556,90.244,67.977,13.947,1.755,623.571,1360.899
2007-10-01,52.252,141.822,1.654,14.69,56.37,236.338,31.582,10.334,13.157,18.701,748.241,1325.141
2007-11-01,59.504,245.809,14.127,0.756,81.18,420.87,90.577,80.527,12.612,33.45,727.266,1766.678
2007-12-01,21.794,228.155,19.057,12.021,20.847,279.56,140.758,116.455,24.017,23.874,655.833,1542.371
2008-01-01,47.246,250.367,3.81,16.197,62.74,356.731,110.624,50.448,17.351,0.252,703.903,1619.667
2008-02-01,73.572,233.773,1.818,5.379,28.923,349.796,84.007,108.641,19.133,13.981,928.843,1847.866
2008-03-01,29.725,274.999,25.035,8.736,53.007,356.192,106.44,94.084,7.727,9.441,841.738,1807.123
2008-04-01,73.618,243.874,12.414,0.92,75.156,374.246,72.211,74.868,15.572,32.098,763.967,1738.944
2008-05-01,32.3,236.24,29.292,13.853,61.892,338.303,81.602,87.953,0.393,29.339,881.719,1792.887
2008-06-01,77.991,239.964,14.272,9.313,59.582,442.533,147.412,95.009,30.404,10.092,1019.725,2146.297
2008-07-01,66.994,275.654,7.459,3.965,43.338,408.227,157.955,48.158,19.305,40.573,979.589,2051.218
2008-08-01,85.296,243.178,2.529,17.418,58.701,342.678,148.523,55.033,12.71,28.722,1058.345,2053.134
2008-09-01,51.618,253.122,16.834,6.079,68.542,240.502,25.595,59.942,22.204,9.435,568.639,1322.511
2008-10-01,53.666,359.005,3.139,6.455,51.688,233.465,123.862,91.978,27.517,0.761,706.01,1657.547
2008-11-01,28.69,272.976,21.229,8.164,39.242,243.278,213.515,88.383,26.699,16.974,761.153,1720.303
2008-12-01,34.213,278.297,21.639,19.897,40.709,308.745,291.567,75.64,22.869,14.861,747.473,1855.911
2009-01-01,67.868,226.817,35.835,68.316,36.833,282.256,202.799,97.557,24.713,25.042,853.469,1921.506
2009-02-01,41.723,229.031,74.788,28.384,47.079,246.141,172.275,63.476,34.853,0.068,869.85,1807.668
2009-03-01,30.396,178.068,78.3,32.19,39.811,233.581,217.475,174.263,7.183,28.916,817.48,1837.662
2009-04-01,20.975,211.76,107.461,29.589,68.808,213.13,261.32,101.174,12.674,44.873,828.563,1900.327
2009-05-01,34.613,231.759,33.121,37.74,38.627,330.279,259.991,31.816,30.675,26.762,959.7,2015.083
2009-06-01,43.996,200.319,42.774,53.815,29.318,398.041,144.693,144.254,10.609,28.671,866.205,1962.695
2009-07-01,45.57,220.905,30.357,15.087,86.912,454.802,207.003,197.465,39.641,30.209,1020.229,2348.181
2009-08-01,67.693,242.159,21.736,49.152,79.807,308.591,187.464,82.815,26.528,62.582,990.399,2118.927
2009-09-01,59.11,215.631,7.194,7.497,67.836,344.779,224.135,154.299,7.025,56.57,960.981,2105.057
2009-10-01,83.222,232.276,22.131,23.975,56.667,320.681,152.452,198.963,48.323,45.216,1038.898,2222.804
2009-11-01,57.538,244.235,30.877,2.77,57.692,314.955,225.898,71.487,13.255,18.211,992.087,2029.006
2009-12-01,101.995,238.963,43.388,15.197,87.448,406.412,55.108,62.339,22.436,28.571,934.498,1996.355
2010-01-01,55.752,248.3,53.299,5.904,97.049,319.967,39.196,124.009,22.737,16.018,914.458,1896.688
2010-02-01,88.113,239.73,36.692,17.371,58.18,380.893,60.565,184.808,12.947,21.48,933.124,2033.902
2010-03-01,105.792,229.276,54.92,14.703,41.472,448.825,28.689,144.93,7.353,17.625,1055.498,2149.084
2010-04-01,145.731,241.532,47.101,6.095,97.801,504.542,96.994,145.027,8.102,25.906,1113.64,2432.47
2010-05-01,82.769,215.084,40.394,9.26,140.047,348.307,127.227,111.233,6.933,28.158,1289.68,2399.093
2010-06-01,148.933,218.845,76.417,0.558,96.329,434.095,195.141,58.227,20.697,9.903,1044.762,2303.907
2010-07-01,247.037,264.711,13.946,1.645,93.255,467.068,153.527,118.302,26.06,20.653,1109.881,2516.085
2010-08-01,161.447,202.964,35.389,11.599,100.489,372.922,185.257,207.895,11.834,11.339,1109.142,2410.276
2010-09-01,159.322,278.067,54.347,4.579,64.985,326.76,264.921,118.977,11.102,12.647,1048.859,2344.566
2010-10-01,136.076,217.743,40.452,19.595,90.996,505.02,295.1,52.099,10.546,28.852,1083.51,2479.988
2010-11-01,75.148,218.836,64.111,18.296,97.738,551.603,318.521,105.583,0.746,15.287,1132.62,2598.487
2010-12-01,72.947,226.19,103.758,11.578,79.539,707.699,208.677,170.89,15.787,23.245,1023.714,2644.026
2011-01-01,125.221,321.964,49.132,14.805,54.617,544.275,212.279,127.222,9.23,7.359,1284.113,2750.216
2011-02-01,92.684,277.603,45.77,15.65,67.609,511.648,180.168,143.21,11.545,11.815,1276.782,2634.484
2011-03-01,138.016,305.05,49.836,1.532,83.6,621.747,167.481,71.922,29.26,29.734,1234.382,2732.559
2011-04-01,120.284,399.233,48.707,14.526,49.228,638.086,286.648,99.161,10.817,31.871,1372.858,3071.417
2011-05-01,135.154,363.027,42.921,1.238,62.873,582.614,312.322,54.542,27.851,31.646,1120.893,2735.08
2011-06-01,112.598,386.294,42.09,0.862,78.799,521.199,162.942,115.712,8.589,33.806,1252.913,2715.804
2011-07-01,155.796,390.841,26.329,23.864,145.179,448.823,227.351,126.451,14.702,30.504,1462.98,3052.82
2011-08-01,165.231,336.905,35.408,17.912,86.208,492.127,256.386,212.033,0.845,40.189,1359.162,3002.408
2011-09-01,243.9,360.534,76.24,18.975,83.816,610.488,331.428,175.956,7.101,59.284,1206.371,3174.095
2011-10-01,257.322,321.023,131.503,28.007,75.852,592.251,285.897,72.463,17.914,19.474,1305.617,3107.321
2011-11-01,169.983,366.475,166.679,25.228,61.657,686.38,204.247,109.697,27.088,55.724,1285.598,3158.755
2011-12-01,159.789,384.587,163.686,38.854,96.436,584.576,347.718,143.943,11.987,62.292,1673.467,3667.336
2012-01-01,111.866,372.679,100.503,29.762,70.312,530.894,272.543,76.619,17.137,12.88,1274.409,2869.603
2012-02-01,110.22,442.503,123.528,39.197,82.424,480.304,160.85,52.097,25.879,59.168,1417.787,2993.958
2012-03-01,200.726,385.192,118.792,18.66,82.792,604.627,175.385,98.957,17.296,37.067,1376.393,3115.887
2012-04-01,189.342,381.883,78.449,26.595,109.834,463.702,227.379,78.829,24.08,61.716,1629.966,3271.773
2012-05-01,118.856,413.673,55.461,33.169,71.474,514.343,263.974,134.991,17.358,29.696,1554.358,3207.354
2012-06-01,131.186,469.012,89.786,36.292,47.993,459.521,308.147,118.24,16.274,43.363,1495.946,3215.761
2012-07-01,180.615,442.365,31.765,56.164,120.164,573.777,209.668,53.523,24.248,38.004,1507.173,3237.466
2012-08-01,189.002,391.941,45.081,40.445,78.691,573.693,197.391,193.296,8.786,37.254,1325.911,3081.491
2012-09-01,179.096,434.91,62.079,28.775,102.427,590.188,179.272,109.374,0.51,33.998,1443.067,3163.697
2012-10-01,177.766,417.599,108.827,16.304,71.376,664.219,253.73,142.764,16.063,41.893,1344.21,3254.752
2012-11-01,255.46,408.672,126.695,69.893,136.406,670.03,277.496,126.653,9.666,60.848,1262.305,3404.122
2012-12-01,144.742,436.087,84.151,43.181,95.225,645.863,333.934,195.141,19.286,43.473,1594.935,3636.018
2013-01-01,93.217,460.536,136.362,13.515,115.893,477.066,117.896,49.957,19.849,25.799,1371.208,2881.298
2013-02-01,245.062,549.64,77.987,32.581,91.809,589.149,184.896,134.194,1.458,15.47,1357.626,3279.872
2013-03-01,115.321,445.479,98.458,42.701,92.705,564.601,142.961,245.405,0.263,39.142,1324.143,3111.178
2013-04-01,96.249,545.255,118.868,39.111,151.909,553.841,237.232,110.144,9.626,19.714,1352.74,3234.688
2013-05-01,94.412,597.416,187.268,33.781,101.951,415.221,172.117,210.067,9.942,35.422,1613.937,3471.534
2013-06-01,227.643,486.249,97.191,62.458,78.038,435.126,218.113,134.47,9.435,55.043,1789.894,3593.658
2013-07-01,297.709,567.954,135.316,71.278,91.648,578.666,268.741,89.868,0.393,18.428,1730.627,3850.627
2013-08-01,195.911,467.202,70.176,27.126,150.615,458.665,261.076,106.53,0.414,34.885,1952.015,3724.616
2013-09-01,184.582,422.091,77.685,18.879,102.216,466.464,527.152,76.303,46.066,62.021,1648.102,3631.56
2013-10-01,204.594,678.139,202.375,50.953,100.069,516.164,487.973,198.271,3.104,51.161,1581.01,4073.814
2013-11-01,161.755,611.652,138.974,44.641,155.304,602.098,401.924,144.737,11.424,35.863,1658.289,3966.662
2013-12-01,231.667,748.545,196.822,55.439,174.491,725.195,268.684,130.977,48.206,35.741,1985.799,4601.569
2014-01-01,226.732,743.358,54.768,44.64,142.337,491.787,264.775,150.753,19.886,30.358,1741.941,3911.334
2014-02-01,212.099,719.069,113.02,52.411,100.697,595.499,156.151,89.927,29.364,31.658,1557.829,3657.724
2014-03-01,269.796,672.943,182.767,70.109,137.493,538.667,223.367,90.226,25.581,45.248,1736.705,3992.902
2014-04-01,172.311,735.114,141.65,56.945,127.908,450.128,211.242,95.394,46.985,101.244,1835.251,3974.17
2014-05-01,214.794,694.219,79.581,62.052,143.786,548.664,324.621,88.929,53.916,69.111,1833.06,4112.732
2014-06-01,164.094,863.095,34.204,90.884,145.311,455.067,250.148,88.318,44.234,51.475,1968.125,4154.957
2014-07-01,215.868,918.078,27.153,81.819,145.797,582.265,286.446,69.554,32.829,110.047,1994.081,4463.934
2014-08-01,236.825,890.049,75.25,55.045,155.147,468.819,369.482,143.406,73.356,51.597,1938.261,4457.237
2014-09-01,218.559,754.33,39.938,59.049,230.146,566.954,171.68,89.678,59.837,45.266,1711.564,3947.0
2014-10-01,258.856,806.023,71.331,57.686,171.514,625.638,138.63,227.866,39.179,47.966,1689.295,4133.984
2014-11-01,237.292,953.173,76.509,98.412,128.589,690.101,265.263,161.741,74.605,0.084,1667.047,4352.816
2014-12-01,174.837,954.691,174.836,109.468,165.333,689.762,224.789,191.895,55.165,49.309,2101.853,4891.936
2015-01-01,218.474,1009.947,80.419,33.751,104.131,798.141,207.597,48.188,14.428,110.598,1949.714,4575.389
2015-02-01,273.8,1024.788,218.673,113.988,213.667,693.536,166.485,89.148,49.81,78.757,1717.415,4640.067
2015-03-01,110.038,859.117,136.22,94.487,134.092,527.215,144.691,138.15,27.592,83.248,1837.024,4091.874
2015-04-01,261.981,1005.721,166.801,69.896,177.934,557.419,342.75,203.709,79.85,139.093,1932.478,4937.633
2015-05-01,206.624,1049.837,152.192,82.61,177.308,641.373,173.813,154.091,97.146,83.25,2034.525,4852.77
2015-06-01,174.635,900.014,184.104,72.278,133.32,658.565,150.796,145.147,98.564,65.045,2074.099,4656.568
2015-07-01,123.196,1012.201,223.795,75.444,219.692,805.435,184.38,73.985,85.664,98.694,2057.986,4960.472
2015-08-01,215.787,942.969,233.787,40.69,156.343,634.028,238.93,92.106,56.138,57.998,1838.627,4507.405
2015-09-01,163.753,911.124,206.151,86.626,176.637,639.535,348.94,63.502,62.836,112.353,2079.868,4851.326
2015-10-01,97.311,970.405,214.704,89.167,75.04,733.416,187.423,129.688,95.282,53.343,1970.772,4616.55
2015-11-01,162.86,875.12,247.081,103.463,222.212,717.898,254.466,122.043,44.034,123.06,2031.058,4903.295
2015-12-01,252.494,905.511,236.858,77.027,208.758,867.533,317.375,200.869,64.637,60.284,2074.882,5266.229
2016-01-01,243.219,1030.137,239.221,84.236,237.234,736.944,182.545,124.303,126.151,70.472,1902.477,4976.94
2016-02-01,189.449,928.723,265.529,106.77,318.174,633.246,248.925,208.943,59.182,52.278,1922.783,4934.002
2016-03-01,161.795,840.176,241.609,135.302,228.282,890.8,252.872,157.396,74.754,74.436,2034.154,5091.576
2016-04-01,227.612,918.481,271.63,177.526,210.353,791.252,331.076,86.296,98.444,129.784,1952.738,5195.193
2016-05-01,241.389,975.079,217.925,198.143,358.668,772.749,312.616,153.64,163.065,107.516,2238.618,5739.408
2016-06-01,250.797,1064.031,94.847,180.57,208.43,887.298,301.2,104.487,122.048,116.535,2106.709,5436.952
2016-07-01,328.755,1058.494,191.882,205.223,196.148,848.458,261.849,75.285,92.059,88.504,1879.603,5226.259
2016-08-01,298.148,963.531,91.794,132.703,150.572,862.995,360.131,74.837,91.437,123.493,1946.887,5096.527
2016-09-01,211.103,863.835,110.471,138.111,322.368,969.88,257.744,228.595,116.529,138.89,2081.802,5439.327
2016-10-01,273.117,903.543,252.155,132.706,226.197,966.908,225.388,103.712,98.908,72.784,1729.131,4984.55
2016-11-01,380.736,927.539,242.942,53.966,164.909,994.156,176.914,239.146,156.899,37.461,2051.285,5425.952
2016-12-01,315.455,747.957,212.592,133.527,382.649,1198.591,262.93,210.333,90.757,94.724,1924.266,5573.779
2017-01-01,269.912,809.144,332.538,102.293,323.065,1119.691,155.49,252.185,124.019,88.853,2067.402,5644.59
2017-02-01,317.394,826.957,611.122,248.943,379.18,980.066,306.265,305.662,158.809,93,2233.154,6460.551
2017-03-01,312.117,793.83,387.029,192.551,323.25,883.043,268.004,290.689,128.017,187.257,2287.98,6053.766
2017-04-01,405.317,884.986,452.286,190.802,376.608,908.826,151.971,192.079,250.985,166.751,2296.883,6277.494
2017-05-01,393.199,956.84,384.179,166.287,249.236,887.379,319.607,125.236,197.021,170.002,2382.875,6231.86
2017-06-01,414.414,935.785,272.435,210.987,255.585,1086.939,292.253,236.779,174.587,183.843,2188.378,6251.986
2017-07-01,409.699,980.308,207.972,139.581,315.645,1124.695,269.479,188.151,137.343,195.013,2323.609,6291.494
2017-08-01,414.775,823.638,353.932,238.545,263.59,1021.571,166.599,162.192,178.957,152.224,1889.458,5665.482
2017-09-01,476.243,871.71,531.236,234.59,463.181,1073.536,260.729,173.619,239.685,174.865,1789.441,6288.833
2017-10-01,492.024,655.112,772.598,263.633,392.742,1132.885,312.037,278.283,149.815,211.169,2426.118,7086.416
2017-11-01,444.128,998.651,498.746,217.256,390.007,1376.832,193.878,143.171,257.331,315.671,2308.34,7144.011
2017-12-01,390.672,917.948,575.973,199.522,468.432,1365.452,322.325,181.855,116.272,288.039,2309.276,7135.765
2018-01-01,362.975,997.076,523.048,141.013,406.586,1136.554,275.136,193.157,55.567,154.521,2215.369,6461.002
2018-02-01,349.484,1134.828,606.023,202.724,323.04,1154.347,238.48,232.302,175.039,223.059,2267.678,6907.006
2018-03-01,399.199,958.572,703.04,400.258,318.057,1260.611,230.284,94.326,238.333,305.226,2429.022,7336.93
2018-04-01,399.765,1115.458,558.097,204.967,349.972,1237.677,368.752,217.839,213.24,319.324,2811.925,7797.015
2018-05-01,307.849,1161.716,494.375,267.63,278.899,1067.183,229.124,290.815,377.062,265.32,2977.009,7716.983
2018-06-01,449.549,1062.253,554.22,500.103,343.528,1007.746,294.732,222.887,450.528,260.371,2677.791,7823.709
2018-07-01,353.515,1127.14,512.581,241.022,495.005,1342.616,322.371,124.726,412.812,233.276,2797.454,7962.52
2018-08-01,358.019,932.906,129.944,291.02,442.859,1087.848,301.22,176.238,477.582,290.885,2675.406,7163.928
2018-09-01,380.022,965.483,52.317,265.275,571.689,1152.804,418.31,200.36,385.331,267.21,2756.115,7414.915
2018-10-01,554.176,1022.79,106.8,377.602,459.274,1357.618,462.432,175.685,554.775,303.316,2636.706,8011.173
2018-11-01,401.313,875.392,62.444,307.778,789.432,1354.265,503.492,262.803,445.452,267.359,3011.155,8280.887
2018-12-01,475.601,937.064,202.825,362.484,807.205,1169.019,398.945,42.531,772.212,371.999,2761.109,8300.992
2019-01-01,457.473,877.69,93.251,401.183,646.275,1177.135,620.208,37.316,339.384,374.935,2957.422,7982.272
2019-02-01,328.169,1162.926,176.975,454.772,283.981,1234.405,441.8,183.923,607.234,368.403,2976.631,8219.217
2019-03-01,563.567,943.753,129.344,672.826,504.653,1209.765,372.057,140.198,506.341,263.129,2639.907,7945.54
2019-04-01,428.452,1155.322,80.028,574.835,515.718,1196.979,439.937,119.447,397.045,293.114,3181.348,8382.226
2019-05-01,427.699,1030.455,300.09,468.726,580.227,1017.889,294.214,123.944,501.166,372.369,3121.207,8237.987
2019-06-01,565.25,861.438,424.23,438.05,439.545,993.428,524.808,81.594,807.002,286.388,3154.506,8576.239
2019-07-01,465.681,979.388,286.417,231.236,589.203,1165.039,354.649,79.259,759.256,268.623,2905.31,8084.063
2019-08-01,442.894,1051.705,300.328,417.313,574.182,1042.635,372.821,63.089,615.561,382.795,3174.317,8437.641
2019-09-01,584.67,1013.268,316.971,396.348,633.387,1056,478.166,148.509,606.142,322.398,3115.959,8671.817
2019-10-01,445.649,1189.641,36.098,586.349,558.199,1208.199,552.965,136.681,617.998,284.913,3422.663,9039.354
2019-11-01,475.536,1147.607,133.078,399.79,595.362,1355.203,359.709,167.929,613.42,371.291,3122.339,8741.263
2019-12-01,492.764,1026.065,77.64,480.498,709.335,1242.336,595.498,236.812,589.82,439.411,3440.558,9330.737
2020-01-01,506.414,1302.122,97.814,489.864,649.889,1170.974,504.742,177.851,772.068,411.445,3145.044,9228.227
2020-02-01,486.924,1229.214,82.364,531.717,453.869,1067.127,639.979,192.473,483.92,552.438,3869.379,9589.403
2020-03-01,516.211,1013.203,240.917,525.939,654.875,1262.397,564.731,224.711,393.376,369.434,3756.58,9522.374
2020-04-01,390.956,859.922,414.139,404.694,637.261,934.896,357.47,480.351,421.41,310.423,3141.585,8353.106
2020-05-01,268.573,699.263,1486.784,434.397,485.501,520.802,372.71,204.08,351.159,230.031,2058.397,7111.696
2020-06-01,307.034,813.542,877.628,482.455,459.968,835.02,411.05,224.621,373.897,326.599,2496.234,7608.047
2020-07-01,451.863,904.382,896.409,329.226,559.904,965.833,493.512,60.323,491.04,373.446,2958.785,8484.723
2020-08-01,485.8,871.02,788.409,361.951,390.23,1114.255,492.487,184.75,423.674,454.874,2982.708,8550.158
2020-09-01,443.249,1046.057,1053.427,428.029,326.063,1052.568,380.226,114.303,411.959,233.849,2824.841,8314.571
2020-10-01,532.609,872.15,993.304,459.742,462.85,1045.361,363.353,50.944,457.604,332.117,2818.795,8388.828
2020-11-01,355.117,846.632,662.932,567.279,415.741,1223.433,495.883,60.101,313.236,339.943,2632.395,7912.691
2020-12-01,500.322,738.109,947.218,642.229,723.681,1307.594,398.852,33.853,506.359,267.297,2858.347,8923.861
2021-01-01,433.712,797.523,807.764,607.865,640.951,979.315,158.88,141.344,613.369,257.903,2980.514,8419.14
2021-02-01,417.007,806.217,457.442,587.003,407.201,983.797,522.258,233.952,375.631,164.644,2336.323,7291.472
2021-03-01,291.555,866.167,848.452,514.649,350.776,1135.075,340.721,119.835,500.635,258.471,2669.252,7895.586
2021-04-01,331.409,921.609,602.397,514.569,450.837,1121.299,568.262,329.717,583.308,349.801,2935.879,8709.086
2021-05-01,345.191,795.392,715.276,519.944,431.346,1363.187,373.981,144.217,529.504,369.901,2872.191,8460.13
2021-06-01,474.978,855.505,644.829,730.128,584,1197.267,378.112,348.746,844.18,313.644,2993.137,9364.525
2021-07-01,531.008,834.645,548.716,459.728,383.889,1225.674,394.971,298.173,712.871,376.699,2667.272,8433.647
2021-08-01,533.903,884.77,548.72,540.844,531.677,1106.727,381.73,273.379,579.6,356.385,3129.037,8866.773
2021-09-01,372.04,761.873,491.526,434.766,459.468,1071.802,442.045,219.981,556.985,297.372,2663.822,7771.679
2021-10-01,460.166,764.308,647,496.161,430.981,1085.402,457.805,94.479,280.166,396.555,3113.37,8226.393
2021-11-01,386.205,874.629,786.998,532.682,561.965,1144.502,514.531,228.395,634.451,341.514,3179.168,9185.039
2021-12-01,438.327,853.063,462.723,859.023,613.402,1434.27,510.976,295.729,563.066,322.556,3361.069,9714.204
2022-01-01,301.09,757.153,430.354,684.562,514.344,1061.587,307.41,452.3,554.578,289.066,3337.375,8689.818
2022-02-01,267.508,780.894,789.6,516.892,504.952,1067.057,566.277,430.678,538.693,275.481,2996.722,8734.754
2022-03-01,522.422,760.662,598.797,344.149,399.933,1053.895,539.105,486.276,469.852,263.486,3631.263,9069.841
2022-04-01,518.049,852.103,646.488,345.175,425.656,1288.503,547.681,401.008,471.461,537.265,3631.551,9664.941
2022-05-01,412.477,773.255,502.041,472.297,510.613,1269.855,413.798,346.473,534.81,404.455,3738.687,9378.762
2022-06-01,474.759,1003.845,479.463,416.422,382.455,1160.626,573.842,459.031,546.119,289.917,4011.707,9798.186
2022-07-01,531.435,954.428,669.45,343.955,436.504,1059.105,534.9,325.839,516.522,405.991,3897,9675.131
2022-08-01,361.158,905.721,756.861,252.725,646.016,1331.529,491.513,322.347,576.436,491.15,3611.963,9747.419
2022-09-01,449.479,846.121,554.038,619.666,448.294,1276.229,608.169,452.339,640.096,570.805,3389.032,9854.268
2022-10-01,212.859,809.299,869.031,650.947,575.926,1018.417,559.112,326.599,607.802,496.424,3448.543,9574.958
2022-11-01,327.559,880.045,730.957,820.386,585.861,1060.02,591.418,360.273,650.912,351.134,3619.94,9978.506
2022-12-01,347.012,814.957,671.195,380.515,577.94,1169.465,673.664,337.164,490.99,581.825,3989.929,10034.656
2023-01-01,209.008,824.574,778.067,337.35,579.944,1214.307,478.324,294.904,556.149,323.379,3652.34,9248.346
2023-02-01,238.039,866.78,1030.398,350.809,576.027,1098.245,549.699,577.999,651.608,424.661,3413.086,9777.351
2023-03-01,262.962,787.237,1364.951,443.847,593.301,1334.474,665.675,86.542,571.351,576.613,4198.082,10885.034
2023-04-01,200.566,736.232,1465.173,444.937,507.677,1117.574,711.292,372.01,569.884,449.546,3375.946,9950.837
2023-05-01,302.867,874.904,822.888,528.134,515.978,1012.69,764.728,254.029,588.875,437.473,3821.527,9924.095
2023-06-01,305.15,963.344,870.653,417.119,451.868,1053.274,1188.016,435.184,532.536,447.26,3419.667,10084.072
2023-07-01,189.385,889.336,927.118,406.635,648.614,1164.737,1104.643,191.498,434.072,491.345,3871.461,10318.844
2023-08-01,266.896,942.05,792.216,408.265,561.584,1159.314,812.57,527.657,715.683,265.604,4018.864,10470.703
2023-09-01,225.679,813.536,1066.508,357.657,626.139,1197.976,751.833,347.569,739.071,237.227,3749.182,10112.378
2023-10-01,196.811,767.888,1147.576,363.106,827.359,1236.951,1059.048,324.931,710.643,310.843,3234.807,10179.962
2023-11-01,219.116,863.321,947.218,397.312,575.19,1151.798,690.453,302.197,726.016,319.302,4044.821,10236.744
2023-12-01,257.052,866.76,716.341,368.054,601.363,1197.219,1191.635,568.961,704.071,425.731,4667.478,11564.664
2024-01-01,332.247,891.996,867.161,319.014,515.057,1085.987,1129.543,336.073,583.962,532.998,3777.973,10372.01
2024-02-01,221.439,788.398,930.331,352.168,665.137,1103.749,1199.889,421.173,649.361,494.976,4158.492,10985.112
2024-03-01,157.735,867.169,927.045,474.431,627.737,1148.017,897.116,480.565,908.216,351.924,3861.156,10701.112
2024-04-01,262.796,852.585,915.465,522.211,507.937,1023.583,920.449,291.262,557.465,532.049,4128.023,10513.826
2024-05-01,190.368,698.942,899.217,459.149,508.688,1127.293,894.903,430.939,900.251,270.424,3922.286,10302.461
2024-06-01,321.687,787.8,849.251,584.605,782.949,1263.097,1044.746,380.866,815.778,351.149,3859.281,11041.209
2024-07-01,322.037,865.839,841.202,402.791,582.599,1170.355,1158.887,131.892,617.768,460.773,4008.05,10562.193
2024-08-01,246.96,727.126,688.665,420.153,739.146,1206.799,1239.906,402.122,800.553,531.847,3863.22,10866.499
2024-09-01,284.135,811.17,894.918,452.879,754.713,1160.737,994.386,429.905,682.513,384.942,3724.952,10575.251
2024-10-01,Not Available,Not Available,Not Available,Not Available,Not Available,Not Available,Not Available,Not Available,Not Available,Not Available,Not Available,10533.419
2024-11-01,Not Available,Not Available,Not Available,Not Available,Not Available,Not Available,Not Available,Not Available,Not Available,Not Available,Not Available,11038.667
